metric,value
accuracy,0.98
macro_precision,0.9814814814814815
macro_recall,0.98
macro_f1,0.9801928250420713
weighted_precision,0.9814814814814815
weighted_recall,0.98
weighted_f1,0.9801928250420713
