{
  "accuracy": 0.8775,
  "macro_precision": 0.8805860963413868,
  "macro_recall": 0.8775000000000001,
  "macro_f1": 0.8786075309562784,
  "classification_report": {
    "bridge": {
      "precision": 0.9591836734693877,
      "recall": 0.94,
      "f1-score": 0.9494949494949495,
      "support": 100.0
    },
    "freeway": {
      "precision": 0.8333333333333334,
      "recall": 0.85,
      "f1-score": 0.8415841584158416,
      "support": 100.0
    },
    "overpass": {
      "precision": 0.7830188679245284,
      "recall": 0.83,
      "f1-score": 0.8058252427184466,
      "support": 100.0
    },
    "railway": {
      "precision": 0.9468085106382979,
      "recall": 0.89,
      "f1-score": 0.9175257731958762,
      "support": 100.0
    },
    "accuracy": 0.8775,
    "macro avg": {
      "precision": 0.8805860963413868,
      "recall": 0.8775000000000001,
      "f1-score": 0.8786075309562784,
      "support": 400.0
    },
    "weighted avg": {
      "precision": 0.8805860963413867,
      "recall": 0.8775,
      "f1-score": 0.8786075309562784,
      "support": 400.0
    }
  },
  "confusion_matrix": [
    [
      94,
      2,
      3,
      1
    ],
    [
      1,
      85,
      14,
      0
    ],
    [
      1,
      12,
      83,
      4
    ],
    [
      2,
      3,
      6,
      89
    ]
  ]
}