{
  "checkpoint": "/home/william/school_projects/CSC3109_Project/model/custom_cnn_small/best_model.pt",
  "classes": [
    "bridge",
    "freeway",
    "overpass",
    "railway"
  ],
  "holdout_clean": {
    "accuracy": 0.9925,
    "macro_f1": 0.9924994374484325,
    "ece": 0.04679795891046523,
    "mean_confidence": 0.9457020410895347
  },
  "nwpu_ood": {
    "accuracy": 0.8775,
    "macro_f1": 0.8786075309562784,
    "ece": 0.05372057549655439,
    "mean_confidence": 0.8362181850522756
  },
  "generalization_gap_macro_f1": 0.1139,
  "robustness": {
    "blur": {
      "severities": [
        0,
        1,
        2,
        3
      ],
      "accuracy": [
        0.9925,
        0.7575,
        0.425,
        0.26
      ],
      "macro_f1": [
        0.9925,
        0.6695,
        0.3284,
        0.12
      ]
    },
    "noise": {
      "severities": [
        0,
        10,
        25,
        45
      ],
      "accuracy": [
        0.9925,
        0.74,
        0.475,
        0.31
      ],
      "macro_f1": [
        0.9925,
        0.7332,
        0.3591,
        0.2374
      ]
    },
    "jpeg": {
      "severities": [
        100,
        50,
        30,
        15
      ],
      "accuracy": [
        0.9925,
        0.9925,
        0.985,
        0.94
      ],
      "macro_f1": [
        0.9925,
        0.9925,
        0.985,
        0.9381
      ]
    },
    "brightness": {
      "severities": [
        1.0,
        0.7,
        1.3,
        0.5
      ],
      "accuracy": [
        0.9925,
        0.8975,
        0.9925,
        0.365
      ],
      "macro_f1": [
        0.9925,
        0.8991,
        0.9925,
        0.3036
      ]
    },
    "rotation": {
      "severities": [
        0,
        15,
        30,
        45
      ],
      "accuracy": [
        0.9925,
        0.985,
        0.925,
        0.8275
      ],
      "macro_f1": [
        0.9925,
        0.985,
        0.9247,
        0.8103
      ]
    }
  }
}