{
  "accuracy": 0.9982142857142857,
  "macro_precision": 0.99822695035461,
  "macro_recall": 0.9982142857142857,
  "macro_f1": 0.9982142629370272,
  "classification_report": {
    "bridge": {
      "precision": 1.0,
      "recall": 0.9928571428571429,
      "f1-score": 0.996415770609319,
      "support": 140.0
    },
    "freeway": {
      "precision": 1.0,
      "recall": 1.0,
      "f1-score": 1.0,
      "support": 140.0
    },
    "overpass": {
      "precision": 0.9929078014184397,
      "recall": 1.0,
      "f1-score": 0.99644128113879,
      "support": 140.0
    },
    "railway": {
      "precision": 1.0,
      "recall": 1.0,
      "f1-score": 1.0,
      "support": 140.0
    },
    "accuracy": 0.9982142857142857,
    "macro avg": {
      "precision": 0.99822695035461,
      "recall": 0.9982142857142857,
      "f1-score": 0.9982142629370272,
      "support": 560.0
    },
    "weighted avg": {
      "precision": 0.9982269503546098,
      "recall": 0.9982142857142857,
      "f1-score": 0.9982142629370271,
      "support": 560.0
    }
  },
  "confusion_matrix": [
    [
      139,
      0,
      1,
      0
    ],
    [
      0,
      140,
      0,
      0
    ],
    [
      0,
      0,
      140,
      0
    ],
    [
      0,
      0,
      0,
      140
    ]
  ],
  "epoch": 6,
  "train_loss": 0.3826734366161483,
  "train_accuracy": 0.9973214285714286,
  "tune_loss": 0.38656476310321264,
  "tune_accuracy": 0.9982142857142857,
  "selection_metric": "macro-f1",
  "selection_value": 0.9982142629370272
}