{
  "accuracy": 0.9975,
  "macro_precision": 0.9975247524752475,
  "macro_recall": 0.9975,
  "macro_f1": 0.9974999374984375,
  "classification_report": {
    "bridge": {
      "precision": 1.0,
      "recall": 0.99,
      "f1-score": 0.9949748743718593,
      "support": 100.0
    },
    "freeway": {
      "precision": 1.0,
      "recall": 1.0,
      "f1-score": 1.0,
      "support": 100.0
    },
    "overpass": {
      "precision": 0.9900990099009901,
      "recall": 1.0,
      "f1-score": 0.9950248756218906,
      "support": 100.0
    },
    "railway": {
      "precision": 1.0,
      "recall": 1.0,
      "f1-score": 1.0,
      "support": 100.0
    },
    "accuracy": 0.9975,
    "macro avg": {
      "precision": 0.9975247524752475,
      "recall": 0.9975,
      "f1-score": 0.9974999374984375,
      "support": 400.0
    },
    "weighted avg": {
      "precision": 0.9975247524752475,
      "recall": 0.9975,
      "f1-score": 0.9974999374984376,
      "support": 400.0
    }
  },
  "confusion_matrix": [
    [
      99,
      0,
      1,
      0
    ],
    [
      0,
      100,
      0,
      0
    ],
    [
      0,
      0,
      100,
      0
    ],
    [
      0,
      0,
      0,
      100
    ]
  ]
}