{
  "accuracy": 0.9625,
  "macro_precision": 0.964229101611177,
  "macro_recall": 0.9625,
  "macro_f1": 0.9625350030942654,
  "classification_report": {
    "bridge": {
      "precision": 0.9150943396226415,
      "recall": 0.97,
      "f1-score": 0.941747572815534,
      "support": 100.0
    },
    "freeway": {
      "precision": 0.98989898989899,
      "recall": 0.98,
      "f1-score": 0.9849246231155779,
      "support": 100.0
    },
    "overpass": {
      "precision": 0.9519230769230769,
      "recall": 0.99,
      "f1-score": 0.9705882352941176,
      "support": 100.0
    },
    "railway": {
      "precision": 1.0,
      "recall": 0.91,
      "f1-score": 0.9528795811518325,
      "support": 100.0
    },
    "accuracy": 0.9625,
    "macro avg": {
      "precision": 0.964229101611177,
      "recall": 0.9625,
      "f1-score": 0.9625350030942654,
      "support": 400.0
    },
    "weighted avg": {
      "precision": 0.9642291016111771,
      "recall": 0.9625,
      "f1-score": 0.9625350030942654,
      "support": 400.0
    }
  },
  "confusion_matrix": [
    [
      97,
      0,
      3,
      0
    ],
    [
      0,
      98,
      2,
      0
    ],
    [
      1,
      0,
      99,
      0
    ],
    [
      8,
      1,
      0,
      91
    ]
  ],
  "checkpoint_path": "model/custom_cnn_small_20260624/best_model.pt",
  "validation_dir": "data/val 12",
  "samples": 400,
  "selected_epoch": 11,
  "selection_source": "internal 20% tune split from data/set 12",
  "evaluation_split": "data/val 12",
  "model_name": "custom-cnn-small",
  "image_size": 224,
  "base_channels": 32,
  "dropout": 0.3
}
