{
  "accuracy": 0.995,
  "macro_precision": 0.9950980392156863,
  "macro_recall": 0.995,
  "macro_f1": 0.994999499949995,
  "classification_report": {
    "bridge": {
      "precision": 1.0,
      "recall": 0.98,
      "f1-score": 0.98989898989899,
      "support": 100.0
    },
    "freeway": {
      "precision": 1.0,
      "recall": 1.0,
      "f1-score": 1.0,
      "support": 100.0
    },
    "overpass": {
      "precision": 0.9803921568627451,
      "recall": 1.0,
      "f1-score": 0.9900990099009901,
      "support": 100.0
    },
    "railway": {
      "precision": 1.0,
      "recall": 1.0,
      "f1-score": 1.0,
      "support": 100.0
    },
    "accuracy": 0.995,
    "macro avg": {
      "precision": 0.9950980392156863,
      "recall": 0.995,
      "f1-score": 0.994999499949995,
      "support": 400.0
    },
    "weighted avg": {
      "precision": 0.9950980392156862,
      "recall": 0.995,
      "f1-score": 0.9949994999499949,
      "support": 400.0
    }
  },
  "confusion_matrix": [
    [
      98,
      0,
      2,
      0
    ],
    [
      0,
      100,
      0,
      0
    ],
    [
      0,
      0,
      100,
      0
    ],
    [
      0,
      0,
      0,
      100
    ]
  ],
  "average_batch_latency_seconds": 0.02267515619751066,
  "average_image_latency_seconds": 0.0007085986311722081,
  "timed_batches": 5.0,
  "checkpoint_path": "model/focalnet_tiny_srf_notebook/final/best_model.pt",
  "checkpoint_size_bytes": 332209185,
  "precision": "fp32"
}