{
  "accuracy": 0.99,
  "classification_report": {
    "accuracy": 0.99,
    "bridge": {
      "f1-score": 0.9847715736040609,
      "precision": 1.0,
      "recall": 0.97,
      "support": 100.0
    },
    "freeway": {
      "f1-score": 1.0,
      "precision": 1.0,
      "recall": 1.0,
      "support": 100.0
    },
    "macro avg": {
      "f1-score": 0.9900346512096664,
      "precision": 0.9903846153846154,
      "recall": 0.99,
      "support": 400.0
    },
    "overpass": {
      "f1-score": 0.9803921568627451,
      "precision": 0.9615384615384616,
      "recall": 1.0,
      "support": 100.0
    },
    "railway": {
      "f1-score": 0.9949748743718593,
      "precision": 1.0,
      "recall": 0.99,
      "support": 100.0
    },
    "weighted avg": {
      "f1-score": 0.990034651209666,
      "precision": 0.9903846153846154,
      "recall": 0.99,
      "support": 400.0
    }
  },
  "confusion_matrix": [
    [
      97,
      0,
      3,
      0
    ],
    [
      0,
      100,
      0,
      0
    ],
    [
      0,
      0,
      100,
      0
    ],
    [
      0,
      0,
      1,
      99
    ]
  ],
  "macro_f1": 0.9900346512096664,
  "macro_precision": 0.9903846153846154,
  "macro_recall": 0.99
}