{
  "accuracy": 0.955,
  "classification_report": {
    "accuracy": 0.955,
    "bridge": {
      "f1-score": 0.9247311827956989,
      "precision": 1.0,
      "recall": 0.86,
      "support": 100.0
    },
    "freeway": {
      "f1-score": 0.9847715736040609,
      "precision": 1.0,
      "recall": 0.97,
      "support": 100.0
    },
    "macro avg": {
      "f1-score": 0.9547645319610281,
      "precision": 0.9592197072838666,
      "recall": 0.9550000000000001,
      "support": 400.0
    },
    "overpass": {
      "f1-score": 0.9389671361502347,
      "precision": 0.8849557522123894,
      "recall": 1.0,
      "support": 100.0
    },
    "railway": {
      "f1-score": 0.9705882352941176,
      "precision": 0.9519230769230769,
      "recall": 0.99,
      "support": 100.0
    },
    "weighted avg": {
      "f1-score": 0.9547645319610281,
      "precision": 0.9592197072838665,
      "recall": 0.955,
      "support": 400.0
    }
  },
  "confusion_matrix": [
    [
      86,
      0,
      11,
      3
    ],
    [
      0,
      97,
      1,
      2
    ],
    [
      0,
      0,
      100,
      0
    ],
    [
      0,
      0,
      1,
      99
    ]
  ],
  "macro_f1": 0.9547645319610281,
  "macro_precision": 0.9592197072838666,
  "macro_recall": 0.9550000000000001
}