{
  "accuracy": 0.995,
  "classification_report": {
    "accuracy": 0.995,
    "bridge": {
      "f1-score": 0.9949748743718593,
      "precision": 1.0,
      "recall": 0.99,
      "support": 100.0
    },
    "freeway": {
      "f1-score": 0.9949748743718593,
      "precision": 1.0,
      "recall": 0.99,
      "support": 100.0
    },
    "macro avg": {
      "f1-score": 0.9950121896611772,
      "precision": 0.9950980392156863,
      "recall": 0.995,
      "support": 400.0
    },
    "overpass": {
      "f1-score": 0.9900990099009901,
      "precision": 0.9803921568627451,
      "recall": 1.0,
      "support": 100.0
    },
    "railway": {
      "f1-score": 1.0,
      "precision": 1.0,
      "recall": 1.0,
      "support": 100.0
    },
    "weighted avg": {
      "f1-score": 0.9950121896611772,
      "precision": 0.9950980392156862,
      "recall": 0.995,
      "support": 400.0
    }
  },
  "confusion_matrix": [
    [
      99,
      0,
      1,
      0
    ],
    [
      0,
      99,
      1,
      0
    ],
    [
      0,
      0,
      100,
      0
    ],
    [
      0,
      0,
      0,
      100
    ]
  ],
  "macro_f1": 0.9950121896611772,
  "macro_precision": 0.9950980392156863,
  "macro_recall": 0.995
}