{
  "accuracy": 0.9946428571428572,
  "precision_macro": 0.9946808510638299,
  "recall_macro": 0.9946428571428572,
  "f1_macro": 0.9946427199877109,
  "model": "resnet18",
  "training_strategy": "frozen_feature_extractor",
  "data_augmentation": false,
  "best_val_accuracy": 0.9946428571428572,
  "epochs": 10,
  "batch_size": 32,
  "learning_rate": 0.001,
  "checkpoint": "model/resnet18_frozen.pt"
}
