{
  "accuracy": 0.9625,
  "classification_report": {
    "accuracy": 0.9625,
    "bridge": {
      "f1-score": 0.941747572815534,
      "precision": 0.9150943396226415,
      "recall": 0.97,
      "support": 100.0
    },
    "freeway": {
      "f1-score": 0.9849246231155779,
      "precision": 0.98989898989899,
      "recall": 0.98,
      "support": 100.0
    },
    "macro avg": {
      "f1-score": 0.9625350030942654,
      "precision": 0.964229101611177,
      "recall": 0.9625,
      "support": 400.0
    },
    "overpass": {
      "f1-score": 0.9705882352941176,
      "precision": 0.9519230769230769,
      "recall": 0.99,
      "support": 100.0
    },
    "railway": {
      "f1-score": 0.9528795811518325,
      "precision": 1.0,
      "recall": 0.91,
      "support": 100.0
    },
    "weighted avg": {
      "f1-score": 0.9625350030942654,
      "precision": 0.9642291016111771,
      "recall": 0.9625,
      "support": 400.0
    }
  },
  "confusion_matrix": [
    [
      97,
      0,
      3,
      0
    ],
    [
      0,
      98,
      2,
      0
    ],
    [
      1,
      0,
      99,
      0
    ],
    [
      8,
      1,
      0,
      91
    ]
  ],
  "macro_f1": 0.9625350030942654,
  "macro_precision": 0.964229101611177,
  "macro_recall": 0.9625
}