metric,value
accuracy,0.93
macro_precision,0.9394132653061225
macro_recall,0.9299999999999999
macro_f1,0.9289270338774266
weighted_precision,0.9394132653061225
weighted_recall,0.93
weighted_f1,0.9289270338774266
